description,accuracy,avg_latency,avg_memory_usage,device,model
Quantized Model,0.5048966267682263,0.179763397143118,25213.493487286236,cuda,Llama-3.1-8B
Non-Quantized Model,0.5048966267682263,0.054794811709531634,25202.672411577794,cuda,Llama-3.1-8B
